R&D Spend,Administration,Marketing Spend,State,Profit
165349.2,136897.8,471784.1,1,192261.83
162597.7,151377.59,443898.53,2,191792.06
153441.51,101145.55,407934.54,3,191050.39
144372.41,118671.85,383199.62,1,182901.99
142107.34,91391.77,366168.42,3,166187.94
131876.9,99814.71,362861.36,1,156991.12
134615.46,147198.87,127716.82,2,156122.51
130298.13,145530.06,323876.68,3,155752.6
120542.52,148718.95,311613.29,1,152211.77
123334.88,108679.17,304981.62,2,149759.96
101913.08,110594.11,229160.95,3,146121.95
100671.96,91790.61,249744.55,2,144259.4
93863.75,127320.38,249839.44,3,141585.52
91992.39,135495.07,252664.93,2,134307.35
119943.24,156547.42,256512.92,3,132602.65
114523.61,122616.84,261776.23,1,129917.04
78013.11,121597.55,264346.06,2,126992.93
94657.16,145077.58,282574.31,1,125370.37
91749.16,114175.79,294919.57,3,124266.9
86419.7,153514.11,0,1,122776.86
76253.86,113867.3,298664.47,2,118474.03
78389.47,153773.43,299737.29,1,111313.02
73994.56,122782.75,303319.26,3,110352.25
67532.53,105751.03,304768.73,3,108733.99
77044.01,99281.34,140574.81,1,108552.04
64664.71,139553.16,137962.62,2,107404.34
75328.87,144135.98,134050.07,3,105733.54
72107.6,127864.55,353183.81,1,105008.31
66051.52,182645.56,118148.2,3,103282.38
65605.48,153032.06,107138.38,1,101004.64
61994.48,115641.28,91131.24,3,99937.59
61136.38,152701.92,88218.23,1,97483.56
63408.86,129219.61,46085.25,2,97427.84
55493.95,103057.49,214634.81,3,96778.92
46426.07,157693.92,210797.67,2,96712.8
46014.02,85047.44,205517.64,1,96479.51
28663.76,127056.21,201126.82,3,90708.19
44069.95,51283.14,197029.42,2,89949.14
20229.59,65947.93,185265.1,1,81229.06
38558.51,82982.09,174999.3,2,81005.76
28754.33,118546.05,172795.67,2,78239.91
27892.92,84710.77,164470.71,3,77798.83
23640.93,96189.63,148001.11,2,71498.49
15505.73,127382.3,35534.17,1,69758.98
22177.74,154806.14,28334.72,2,65200.33
1000.23,124153.04,1903.93,1,64926.08
1315.46,115816.21,297114.46,3,49490.75
0,135426.92,0,2,42559.73
542.05,51743.15,0,1,35673.41
0,116983.8,45173.06,2,14681.4
87151,123327.9523,236937.1317,1,123485.2464
38772,116183.1212,143589.7191,2,82155.48418
89939,123739.6968,242316.5853,3,125867.0108
65485,120128.2187,195132.5255,1,104976.1696
47724,117505.1933,160862.6275,3,89803.10053
30744,114997.5096,128099.6711,1,75297.23305
76381,121737.3896,216156.3873,2,114284.5283
143923,131712.2998,346478.8607,3,171985.0761
27280,114485.9303,121415.8737,1,72337.96774
141092,131294.2049,341016.4385,2,169566.5772
128338,129410.636,316407.5606,3,158670.9451
76660,121778.5936,216694.7185,2,114522.8756
43088,116820.5277,151917.4528,3,85842.60573
60955,119459.2077,186391.8781,2,101106.2297
12052,112236.9898,92033.40609,3,59328.81874
126549,129146.4284,312955.6803,1,157142.6178
22986,113851.7728,113130.5889,2,68669.64059
150633,132703.2632,359425.824,1,177717.3712
53116,118301.5084,171266.5062,3,94409.4396
157923,133779.8836,373491.8989,1,183945.1553
39157,116239.9797,144332.5776,2,82484.38635
111768,126963.503,284435.7004,1,144515.3371
65903,120189.9508,195939.0576,3,105333.2634
85800,123128.4304,234330.3735,3,122331.0988
139796,131102.8057,338515.8029,1,168459.4156
13947,112516.8521,95689.81377,2,60947.70089
133094,130113.0238,325584.2756,3,162733.9549
155148,133370.059,368137.5289,1,181574.4968
28731,114700.2205,124215.5821,3,73577.54452
41847,116637.2512,149522.94,1,84782.43014
140277,131173.8419,339443.8938,3,168870.3298
27595,114532.4509,122023.667,1,72607.06952
9078,111797.776,86295.06497,2,56788.15621
21586,113645.0144,110429.2851,3,67473.63267
4330,111096.5697,77133.786,2,52731.98078
106761,126224.0464,274774.6802,1,140237.9002
137618,130781.1487,334313.346,3,166598.769
63161,119784.9998,190648.3612,2,102990.7964
34384,115535.0813,135123.0611,1,78406.85364
73431,121301.7202,210464.3542,2,111764.3688
17125,112986.1936,101821.7734,2,63662.63887
109497,126628.1113,280053.7997,3,142575.2414
78366,122030.5434,219986.4502,2,115980.2967
98190,124958.2421,258236.9123,1,132915.7689
125158,128940.9992,310271.742,2,155954.2985
138570,130921.7444,336150.2326,1,167412.0544
46445,117316.3048,158394.7935,3,88710.46186
134739,130355.9649,328758.3076,2,164139.2642
96620,124726.3773,255207.593,1,131574.5314
140797,131250.6379,340447.2352,2,169314.5613
44017,116957.7267,153709.9609,1,86636.24242
150342,132660.287,358864.3387,2,177468.7724
127529,129291.1592,314846.5929,3,157979.8234
9261,111824.8023,86648.16397,1,56944.49153
57905,119008.7698,180506.8948,3,98500.64098
44699,117058.4475,155025.8817,1,87218.86913
151853,132883.4384,361779.8174,2,178759.6067
61613,119556.3841,187661.4909,3,101668.3534
120275,128219.8555,300849.9801,1,151782.7938
23224,113886.9217,113589.8106,2,68872.96194
105331,126012.8575,272015.4913,3,139016.2635
23501,113927.8303,114124.2829,2,69109.60065
7092,111504.4745,82463.07255,3,55091.53354
102136,125541.0053,265850.7301,2,136286.8026
85772,123124.2953,234276.3474,3,122307.1786
123288,128664.829,306663.5719,1,154356.7737
76992,121827.6249,217335.3134,2,114806.5004
7715,111596.4819,83665.15275,1,55623.75707
29104,114755.3069,124935.2867,3,73896.1952
144996,131870.7654,348549.2171,1,172901.7308
94169,124364.4025,250478.3818,2,129480.6633
78261,122015.0366,219783.8524,1,115890.5961
140902,131266.1448,340649.833,3,169404.2619
131845,129928.5658,323174.3267,3,161666.9449
1269,110644.5073,71227.57814,1,50116.99489
43990,116953.7392,153657.8643,2,86613.17655
49875,117822.8628,165012.9879,3,91640.68127
105070,125974.3118,271511.8911,1,138793.2935
93591,124279.0408,249363.1293,3,128986.8828
73077,121249.4398,209781.3102,1,111461.9497
94548,124420.3749,251209.6634,3,129804.4397
151956,132898.6499,361978.5561,1,178847.5987
60864,119445.7684,186216.2934,2,101028.4891
102790,125637.591,267112.6249,3,136845.5092
53315,118330.8977,171650.4773,2,94579.44358
116723,127695.2799,293996.3864,1,148748.3508
49288,117736.1719,163880.3698,3,91139.21223
145513,131947.1183,349546.77,2,173343.3994
148513,132390.1719,355335.2782,1,175906.2735
74741,121495.1869,212992.0028,2,112883.4905
104234,125850.8475,269898.8268,2,138079.1059
34715,115583.9649,135761.7265,3,78689.62408
107457,126326.8348,276117.6141,2,140832.487
156016,133498.2492,369812.3372,1,182316.0217
93879,124321.5739,249918.826,2,129232.9188
121139,128347.4549,302517.0705,1,152520.9015
99283,125119.6613,260345.8588,3,133849.5093
140934,131270.8707,340711.577,2,169431.5992
70585,120881.4099,204972.9894,1,109333.0556
84834,122985.7671,232466.4738,2,121505.8533
70098,120809.4875,204033.3216,1,108917.0157
140809,131252.4101,340470.3892,2,169324.8128
131560,129886.4757,322624.4184,3,161423.4719
143330,131624.7229,345334.6656,1,171478.4813
103756,125780.2543,268976.5245,3,137670.7546
66195,120233.0747,196502.4724,1,105582.7164
108206,126437.4506,277562.8117,2,141472.3512
141099,131295.2386,341029.945,3,169572.5573
91258,123934.4927,244861.5994,1,126993.8211
82771,122681.0939,228485.9097,2,119743.4502
63354,119813.5029,191020.7552,3,103155.6747
43639,116901.9019,152980.6088,2,86313.32028
66303,120249.0247,196710.8587,3,105674.9799
120844,128303.888,301947.8672,2,152268.8856
61968,119608.8121,188346.4644,3,101971.6268
137388,130747.1813,333869.5604,1,166402.282
41818,116632.9683,149466.9844,2,84757.65569
109162,126578.637,279407.4163,1,142289.0538
124648,128865.68,309287.6956,3,155518.6099
150584,132696.0267,359331.2784,1,177675.5109
72698,121193.4674,209050.0287,2,111138.1732
109398,126613.4906,279862.7789,1,142490.6665
19644,113358.211,106682.1908,3,65814.59883
46632,117343.9218,158755.6105,3,88870.21435
89242,123636.7607,240971.7219,1,125271.5697
133947,130238.9987,327230.1415,2,163462.6654
123502,128696.4335,307076.4854,3,154539.592
119535,128110.5689,299422.1481,1,151150.6182
151311,132803.3933,360734.0269,3,178296.5808
67153,120374.5565,198350.9361,1,106401.1276
32321,115230.4081,131142.4969,3,76644.45054
71633,121036.1833,206995.1083,1,110228.3529
86080,123169.7821,234870.6342,2,122570.3004
6055,111351.3256,80462.17821,3,54205.63339
29050,114747.3319,124831.0935,2,73850.06347
79974,122268.0202,223089.0906,1,117353.9972
17303,113012.4814,102165.2249,3,63814.70273
21265,113597.6077,109809.9147,2,67199.40514
154934,133338.4545,367724.6153,1,181391.6784
155120,133365.9238,368083.5028,2,181550.5766
126307,129110.6887,312488.7406,2,156935.8793
155154,133370.9451,368149.1059,3,181579.6225
53078,118295.8964,171193.1851,2,94376.97653
31835,115158.6334,130204.7586,1,76229.26494
47467,117467.2384,160366.7453,2,89583.54765
149605,132551.4435,357442.2952,1,176839.1597
75555,121615.4022,214562.618,3,113578.8837
29784,114855.7324,126247.3485,2,74477.11333
46373,117305.6715,158255.8693,1,88648.95289
52714,118242.1392,170490.8461,2,94066.01447
114529,127371.26,289763.0574,2,146874.0356
134049,130254.0625,327426.9507,3,163549.8031
105163,125988.0465,271691.3349,1,138872.7426
84807,122981.7797,232414.3773,3,121482.7874
47480,117469.1583,160391.8288,1,89594.65343
52985,118282.1617,171013.7414,2,94297.52743
129319,129555.5146,318300.4028,3,159509.0049
37618,116012.6932,141363.0729,1,81169.63193
80380,122327.9801,223872.4687,2,117700.8395
14469,112593.9434,96697.01419,3,61393.64099
141203,131310.5978,341230.6133,2,169661.4036
143533,131654.7029,345726.3546,3,171651.9025
92746,124154.2473,247732.6995,2,128265.0066
30713,114992.9313,128039.8566,3,75270.75002
70966,120937.6777,205708.13,1,109658.5406
113478,127216.0435,287735.1501,2,145976.1753
5107,111211.3206,78633.00963,1,53395.76517
111210,126881.095,283359.0379,3,144038.6425
6166,111367.7186,80676.35302,1,54300.45973
10758,112045.886,89536.62956,2,58223.36571
19870,113391.5877,107118.2584,1,66007.66868
84817,122983.2565,232433.6723,3,121491.3304
47856,117524.6877,161117.3219,3,89915.86699
155761,133460.5896,369320.314,1,182098.1774
22390,113763.7528,111980.6053,2,68160.48294
102474,125590.9227,266502.902,3,136575.5531
73031,121242.6463,209692.5531,1,111422.6523
108606,126496.5244,278334.6128,3,141814.0678
43074,116818.4601,151890.4398,1,85830.64565
85328,123058.7233,233419.6482,3,121927.8732
55700,118683.1253,176252.3413,1,96616.9285
48759,117658.0468,162859.6628,2,90687.2921
124538,128849.4347,309075.4503,3,155424.6379
86530,123236.2402,235738.9105,2,122954.7315
75098,121547.9103,213680.8353,1,113188.4725
134440,130311.8072,328181.3863,3,163883.8311
23354,113906.1207,113840.646,2,68984.01982
58848,119148.0363,182326.4159,1,99306.23774
3854,111026.2719,76215.3427,2,52325.33808
11310,112127.4079,90601.71506,2,58694.93455
36517,115850.0925,139238.6904,3,80229.05713
65189,120084.5041,194561.3927,2,104723.2993
2603,110841.5185,73801.53479,1,51256.61958
2696,110855.2532,73980.97854,2,51336.06868
4908,111181.9314,78249.03858,1,53225.76119
18307,113160.7567,104102.4457,3,64672.41127
145420,131933.3836,349367.3263,2,173263.9503
124967,128912.7914,309903.2069,1,155791.1289
81122,122437.5621,225304.1597,2,118334.7237
48147,117567.6639,161678.8072,1,90164.46578
107504,126333.776,276208.3008,2,140872.6387
78966,122119.1542,221144.1518,3,116492.8715
11572,112166.1013,91107.24478,1,58918.75889
17929,113104.932,103373.0936,3,64349.48913
135016,130396.8735,329292.7799,1,164375.9029
140499,131206.6279,339872.2434,2,169059.9825
70972,120938.5638,205719.707,3,109663.6663
23044,113860.3385,113242.5001,1,68719.18949
62977,119757.8258,190293.3327,2,102833.6068
127949,129353.1867,315656.9841,3,158338.6258
140062,131142.0898,339029.0507,2,168686.6571
142634,131521.9344,343991.7317,3,170883.8945
51407,118049.1155,167968.9861,2,92949.45565
71393,121000.739,206532.0276,3,110023.323
90687,123850.1648,243759.8533,1,126506.0207
95482,124558.3123,253011.8189,2,130602.3478
79898,122256.7962,222942.4484,1,117289.0711
80315,122318.3806,223747.051,3,117645.3106
116953,127729.2474,294440.1721,1,148944.8378
77184,121855.9803,217705.778,2,114970.5243
141804,131399.3563,342390.2444,1,170174.8327
51183,118016.0342,167536.7775,3,92758.09438
109716,126660.4543,280476.3608,3,142762.3312
140198,131162.1749,339291.463,1,168802.8408
8318,111685.5357,84828.64289,2,56138.89476
130650,129752.0827,320868.571,3,160646.0668
132796,130069.0138,325009.2838,1,162479.376
114589,127380.1211,289878.8276,3,146925.293
14349,112576.2213,96465.47386,1,61291.12602
74459,121453.5399,212447.883,3,112642.5803
78709,122081.1992,220648.2696,1,116273.3187
70529,120873.1396,204864.9373,2,109285.2152
63481,119832.2588,191265.802,3,103264.1697
12968,112372.2689,93800.83059,2,60111.34964
7251,111527.9563,82769.86348,1,55227.36587
28913,114727.0991,124566.7516,3,73733.02555
57470,118944.527,179667.5611,2,98129.02423
39280,116258.1449,144569.9064,1,82589.46419
140284,131174.8757,339457.4003,2,168876.3098
65509,120131.7631,195178.8336,2,104996.6726
115538,127520.2737,291709.9257,3,147736.0156
155075,133359.278,367996.6752,2,181512.1335
54112,118448.6022,173188.2909,1,95260.31381
50269,117881.0505,165773.212,2,91977.27207
90441,123813.8344,243285.1957,1,126295.865
146667,132117.5463,351773.4162,3,174329.2516
81041,122425.5996,225147.87,2,118265.5261
122666,128572.9692,305463.4212,1,153825.4044
52746,118246.8651,170552.5902,2,94093.35179
139181,131011.9797,337329.1588,2,167934.0264
63457,119828.7144,191219.494,3,103243.6667
130989,129802.1478,321522.6724,1,160935.6715
67877,120481.4801,199747.896,3,107019.6345
145505,131945.9368,349531.334,1,173336.5651
28236,114627.1167,123260.4783,2,73154.67029
113363,127199.0598,287513.2573,3,145877.9318
134787,130363.0537,328850.9238,1,164180.2702
158727,133898.622,375043.2191,2,184632.0056
120520,128256.0382,301322.7083,3,151992.0952
60472,119387.876,185459.9283,2,100693.6069
154106,133216.1717,366126.987,3,180684.3252
40219,116396.8207,146381.7095,2,83391.64379
84406,122922.5582,231640.6467,3,121140.2166
20629,113503.6803,108582.751,1,66656.07583
87536,123384.8108,237679.9902,2,123814.1486
118530,127962.1459,297482.9979,1,150292.0553
129325,129556.4007,318311.9798,3,159514.1307
44466,117024.037,154576.3076,1,87019.81924
55907,118713.696,176651.7484,2,96793.76682
65694,120159.0848,195535.7916,1,105154.7165
148622,132406.2696,355545.594,3,175999.3913
140627,131225.5315,340119.2197,3,169169.3318
156713,133601.1853,371157.2006,1,182911.4628
100606,125315.048,262898.5909,2,134979.7368
24830,114124.1031,116688.592,3,70244.95388
141159,131304.0997,341145.7152,1,169623.8148
101587,125459.9265,264791.4331,3,135817.7966
1215,110636.5323,71123.385,1,50070.86316
13269,112416.722,94381.61091,3,60368.49134
155679,133448.4795,369162.0948,1,182028.1255
50634,117934.9554,166477.4805,2,92289.08842
158637,133885.3304,374869.5639,3,184555.1194
101322,125420.7901,264280.1149,2,135591.4094
28980,114736.994,124696.0283,1,73790.26307
130675,129755.7748,320916.8085,3,160667.424
84533,122941.3141,231885.6935,2,121248.7116
101223,125406.1693,264089.0941,1,135506.8346
123282,128663.9429,306651.9948,2,154351.6479
79009,122125.5046,221227.1204,2,116529.6061
109841,126678.9148,280717.5486,3,142869.1176
96021,124637.9143,254051.8209,2,131062.8109
136849,130667.5793,332829.5584,1,165941.819
144390,131781.2685,347379.9385,2,172384.0302
109658,126651.8885,280364.4496,1,142712.7823
50050,117848.7076,165350.6509,3,91790.18226
60170,119343.2753,184877.2185,2,100435.6109
112043,127004.1162,284966.3136,1,144750.2672
103519,125745.2531,268519.2324,2,137468.2876
132029,129955.7397,323529.3552,1,161824.1346
51373,118044.0942,167903.383,2,92920.40974
69518,120723.8305,202914.21,3,108421.5267
107707,126363.756,276599.9898,1,141046.0598
125384,128974.3759,310707.8096,3,156147.3684
156397,133554.517,370547.4778,1,182641.5067
118745,127993.8981,297897.841,2,150475.728
36008,115774.9211,138256.5735,3,79794.22283
7959,111632.517,84135.95141,1,55832.20416
121607,128416.5713,303420.0778,2,152920.7099
113168,127170.2613,287137.0042,3,145711.345
92665,124142.2849,247576.4097,2,128195.809
36840,115897.7946,139861.9198,3,80504.99325
144661,131821.291,347902.8337,2,172615.5432
62251,119650.6068,188892.5137,3,102213.3913
49407,117753.7464,164109.9806,1,91240.87291
127740,129322.3207,315253.718,2,158160.0789
6101,111358.1191,80550.93534,1,54244.9308
142977,131572.5902,344653.5511,3,171176.9165
138529,130915.6893,336071.123,1,167377.0285
122905,128608.2658,305924.5723,2,154029.5801
66102,120219.3401,196323.0287,1,105503.2673
18930,113252.7642,105304.5259,3,65204.63479
18903,113248.7767,105252.4293,3,65181.56893
140704,131236.9032,340267.7914,1,169235.1122
112110,127014.0111,285095.5903,2,144807.5047
143046,131582.7805,344786.6868,3,171235.8626
50864,117968.9228,166921.2661,1,92485.57543
132160,129975.0864,323782.1201,3,161936.0467
68920,120635.5151,201760.3674,1,107910.6604
157947,133783.428,373538.207,3,183965.6583
120687,128280.7015,301644.9353,1,152134.7618
3372,110955.0879,75285.32239,2,51913.56964
53012,118286.1492,171065.8379,3,94320.5933
64233,119943.3176,192716.7881,2,103906.5968
102541,125600.8176,266632.1787,1,136632.7906
27996,114591.6724,122797.3976,3,72949.64036
3111,110916.5422,74781.72217,2,51690.5996
66932,120341.9182,197924.516,1,106212.3292
118012,127885.6453,296483.5154,2,149849.5324
18192,113143.773,103880.5529,2,64574.16776
83511,122790.3805,229913.7417,3,120375.6258
123767,128735.5699,307587.8037,2,154765.9792
44424,117017.8343,154495.2685,1,86983.939
143423,131638.4576,345514.1093,2,171557.9304
127190,129241.0942,314192.4915,1,157690.2186
22014,113708.2234,111255.1123,3,67839.26938
148327,132362.7026,354976.3907,2,175747.3753
4852,111173.6611,78140.98643,1,53177.92087
87342,123356.16,237305.6667,2,123648.4161
12412,112290.1563,92728.02707,2,59636.36364
66380,120260.3964,196859.4305,3,105740.7603
135781,130509.8522,330768.8495,1,165029.4358
154047,133207.4583,366013.1464,3,180633.922
91262,123935.0835,244869.3174,1,126997.2382
143575,131660.9056,345807.3938,2,171687.7827
89669,123699.822,241795.6195,3,125636.3521
3737,111008.9928,75989.59088,1,52225.38599
12816,112349.8208,93507.54618,2,59981.49735
46750,117361.3485,158983.2918,3,88971.02073
16708,112924.6091,101017.1708,2,63306.39937
11277,112122.5343,90538.04147,3,58666.74293
32758,115294.9462,131985.6896,2,77017.77587
131074,129814.701,321686.6801,3,161008.2863
33729,115438.348,133859.2368,1,77847.29279
56708,118831.9913,178197.28,2,97478.0542
43245,116843.7142,152220.3848,1,85976.72948
117945,127875.7505,296354.2388,3,149792.2949
93533,124270.4751,249251.2181,1,128937.3339
36345,115824.6907,138906.8159,2,80082.11902
123150,128644.4486,306397.3005,1,154238.8815
146767,132132.3147,351966.3665,3,174414.6808
125425,128980.4309,310786.9192,3,156182.3943
26154,114319.6374,119243.2536,1,71376.03566
113132,127164.9447,287067.5421,2,145680.5905
159191,133967.1476,375938.5084,3,185028.3968
23281,113895.3397,113699.7923,1,68921.65655
145038,131876.9681,348630.2563,3,172937.611
119016,128033.9206,298420.7362,1,150707.2409
159570,134023.1201,376669.7899,3,185352.1732
66705,120308.3938,197486.5188,1,106018.405
96720,124741.1458,255400.5433,2,131659.9605
77031,121833.3846,217410.564,3,114839.8177
56584,118813.6785,177958.0217,2,97372.12207
34269,115518.0976,134901.1683,1,78308.61013
43002,116807.8268,151751.5156,3,85769.13667
90606,123838.2024,243603.5636,2,126436.8231
21297,113602.3336,109871.6588,1,67226.74247
147448,132232.8879,353280.3578,2,174996.4532
11931,112219.12,91799.93626,2,59225.44949
62868,119741.7282,190083.0169,3,102740.489
107864,126386.9425,276902.9217,2,141180.1836
126763,129178.0329,313368.5938,1,157325.4362
48320,117593.2133,162012.6111,2,90312.25819
132750,130062.2203,324920.5267,1,162440.0786
90232,123782.9684,242881.9296,3,126117.3181
11415,112142.9148,90804.31285,2,58784.63514
136367,130596.3953,331899.5381,1,165530.0505
48599,117634.4173,162550.9424,2,90550.60548
131209,129834.6384,321947.163,1,161123.6156
44805,117074.1021,155230.409,2,87309.42402
27745,114554.6036,122313.0924,3,72735.21323
56428,118790.6397,177657.0193,1,97238.85262
22961,113848.0807,113082.3514,3,68648.28331
127002,129213.3295,313829.745,1,157529.6118
42722,116766.4752,151211.2548,2,85529.93509
36880,115903.702,139939.0999,3,80539.1649
134020,130249.7797,327370.9952,1,163525.0287
105406,126023.9338,272160.204,2,139080.3354
135965,130537.0261,331123.878,3,165186.6254
22609,113796.0957,112403.1664,2,68347.57275
48592,117633.3835,162537.4359,3,90544.62544
45646,117198.3048,156853.1208,2,88027.88306
18687,113216.8769,104835.6567,3,64997.04199
159134,133958.7296,375828.5267,1,184979.7022
25194,114177.8603,117390.931,2,70555.91594
49370,117748.2821,164038.589,1,91209.26412
83997,122862.1552,230851.4801,3,120790.8114
127102,129228.0979,314022.6953,1,157615.041
112617,127088.8871,286073.8482,2,145240.6305
18790,113232.0884,105034.3955,1,65085.034
31530,115113.5896,129616.2603,3,75968.70607
154761,133312.905,367390.8113,3,181243.886
62322,119661.0924,189029.5084,1,102274.046
138389,130895.0135,335800.9926,2,167257.4277
54437,118496.5997,173815.3793,3,95537.9585
128678,129460.8488,317063.5916,1,158961.4042
36374,115828.9736,138962.7715,3,80106.89347
91354,123948.6704,245046.8317,1,127075.833
159026,133942.7797,375620.1405,3,184887.4387
21362,113611.9331,109997.0765,1,67282.27141
33021,115333.7873,132493.1489,2,77242.4545
135411,130455.2089,330054.9335,3,164713.348
41996,116659.2562,149810.4359,2,84909.71956
129894,129640.4332,319409.8669,1,160000.2225
29076,114751.1717,124881.2606,3,73872.27504
60970,119461.4229,186420.8207,2,101119.044
68150,120521.798,200274.6503,1,107252.8561
79611,122214.4107,222388.6811,2,117043.8895
125073,128928.446,310107.7342,2,155881.6838
108627,126499.6258,278375.1323,3,141832.0079
38547,116149.8921,143155.5809,2,81963.26862
109403,126614.229,279872.4264,1,142494.938
110385,126759.2552,281767.1981,2,143333.8521
27445,114510.2982,121734.2416,1,72478.92582
99603,125166.9203,260963.2997,3,134122.8826
10372,111988.8798,88791.8415,2,57893.60924
146341,132069.4011,351144.3983,1,174050.7527
20181,113437.5176,107718.3338,2,66273.3533
105465,126032.6472,272274.0447,2,139130.7386
58528,119100.7772,181708.975,3,99032.8645
107739,126368.4819,276661.7339,1,141073.3972
125610,129007.7526,311143.8772,3,156340.4382
45698,117205.9844,156953.455,1,88072.30621
90555,123830.6705,243505.159,2,126393.2542
19468,113332.2185,106342.5983,3,65664.24355
100506,125300.2795,262705.6406,1,134894.3077
72494,121163.3397,208656.4101,2,110963.8978
63372,119816.1612,191055.4862,3,103171.0519
41878,116641.8294,149582.7545,2,84808.91317
105962,126106.0464,273233.0075,3,139555.3214
23028,113857.9755,113211.6281,2,68705.52083
55229,118613.5659,175343.5455,3,96214.55727
57839,118999.0226,180379.5476,1,98444.25774
112421,127059.941,285695.6657,2,145073.1894
104830,125938.8675,271048.8105,1,138588.2636
105004,125964.5646,271384.5439,3,138736.9103
33474,115400.6884,133367.2136,1,77629.44849
101381,125429.5035,264393.9555,2,135641.8126
49895,117825.8165,165051.5779,1,91657.76709
140901,131265.9971,340647.9035,3,169403.4076
99011,125079.4911,259821.0341,3,133617.1421
25140,114169.8853,117286.7378,1,70509.78421
88069,123463.5267,238708.4152,2,124269.4859
5954,111336.4094,80267.29844,3,54119.34996
146657,132116.0694,351754.1212,1,174320.7087
120300,128223.5476,300898.2177,3,151804.1511
153919,133188.5546,365766.17,1,180524.5727
6952,111483.7986,82192.94216,3,54971.93275
24538,114080.9792,116125.1772,1,69995.5008
33718,115436.7234,133838.0123,2,77837.89559
60311,119364.0988,185149.2784,3,100556.066
158104,133806.6145,373841.1389,2,184099.7821
120265,128218.3786,300830.6851,1,151774.2509
122843,128599.1094,305804.9431,3,153976.614
156926,133632.6421,371568.1847,2,183093.4268
50112,117857.864,165470.28,1,91843.14832
12068,112239.3528,92064.27813,2,59342.48741
78098,121990.964,219469.3435,2,115751.3466
69762,120759.8655,203385.0087,3,108629.9738
156672,133595.1302,371078.091,2,182876.4368
110066,126712.1438,281151.6868,1,143061.3332
149352,132514.0793,356954.131,2,176623.024
123926,128759.0518,307894.5946,1,154901.8116
155584,133434.4494,368978.7921,3,181946.9678
59551,119251.8585,183682.8563,2,99906.80457
32892,115314.736,132244.243,1,77132.25091
148355,132366.8378,355030.4168,2,175771.2955
34087,115491.219,134549.9988,1,78153.1291
9153,111808.8523,86439.77767,2,56852.22806
141090,131293.9095,341012.5795,3,169564.8687
30917,115023.059,128433.4751,1,75445.02546
116032,127593.2299,292663.1,3,148158.0355
111403,126909.5981,283731.4319,1,144203.5207
109089,126567.856,279266.5626,2,142226.6905
147916,132302.0043,354183.3651,3,175396.2616
80883,122402.2655,224843.0086,1,118130.5481
69933,120785.1196,203714.9537,2,108776.0576
68302,120544.2461,200567.9347,3,107382.7084
83794,122832.1752,230459.791,2,120617.3903
118649,127979.7204,297712.6087,3,150393.716
66766,120317.4026,197604.2185,2,106070.5168
130880,129786.0502,321312.3566,3,160842.5538
114090,127306.4265,288916.0057,1,146499.0017
56983,118872.6046,178727.8933,2,97712.98433
90073,123759.4865,242575.1387,1,125981.4858
26750,114407.6574,120393.2372,3,71885.19331
94859,124466.3048,251809.7387,1,130070.1243
64520,119985.7031,193270.5554,2,104151.7784
66882,120334.534,197828.0408,1,106169.6146
114904,127426.6417,290486.621,3,147194.3948
108270,126446.9024,277686.2998,3,141527.0259
76026,121684.9616,215471.4138,1,113981.2549
158668,133889.9086,374929.3785,2,184581.6024
5885,111326.2192,80134.16275,3,54060.40386
32007,115184.0351,130536.6331,1,76376.20305
58843,119147.2979,182316.7684,3,99301.96628
57863,119002.567,180425.8557,1,98464.76074
146290,132061.8692,351045.9937,3,174007.1838
92831,124166.8005,247896.7072,1,128337.6214
149026,132465.9341,356325.1131,2,176344.525
68638,120593.8681,201216.2476,3,107669.7503
48519,117622.6025,162396.5822,2,90482.26217
35910,115760.448,138067.4822,1,79710.50227
41614,116602.8407,149073.3658,3,84583.38025
137713,130795.1787,334496.6487,2,166679.9267
29287,114782.3332,125288.3857,1,74052.53052
94648,124435.1434,251402.6136,2,129889.8688
41578,116597.524,149003.9037,2,84552.62576
96008,124635.9944,254026.7374,3,131051.7051
78630,122069.5322,220495.8389,2,116205.8296
19242,113298.8418,105906.5307,1,65471.1737
92507,124118.9507,247271.5483,2,128060.831
92171,124069.3287,246623.2354,1,127773.7891
70074,120805.9431,203987.0135,3,108896.5127
149598,132550.4097,357428.7887,2,176833.1797
6975,111487.1954,82237.32073,1,54991.58145
155563,133431.3481,368938.2725,2,181929.0277
63024,119764.767,190384.0193,2,102873.7585
9960,111928.0338,87996.88638,3,57541.6412
19291,113306.0783,106001.0764,1,65513.03398
132449,130017.7672,324339.7464,3,162182.9369
3089,110913.2932,74739.27311,1,51671.80519
104168,125841.1003,269771.4796,2,138022.7227
153606,133142.3294,365162.2357,3,180257.1795
13316,112423.6631,94472.29754,1,60408.64304
151611,132847.6987,361312.8777,2,178552.8682
155716,133453.9438,369233.4864,3,182059.7343
76520,121757.9178,216424.5881,2,114403.2748
42221,116692.4852,150244.574,3,85101.93511
126483,129136.6812,312828.3331,2,157086.2346
118217,127915.9207,296879.0635,3,150024.6621
91556,123978.5027,245436.5912,1,127248.3999
123093,128636.0305,306287.3188,2,154190.1869
90163,123772.7781,242748.7939,1,126058.372
104391,125874.034,270201.7588,3,138213.2296
61243,119501.7408,186947.5749,1,101352.2656
60782,119433.6582,186058.0742,2,100958.4372
16787,112936.2762,101169.6015,1,63373.88839
152746,133015.3207,363502.8633,3,179522.4889
159000,133938.9399,375569.9734,3,184865.2271
62726,119720.757,189809.0275,1,102619.1797
148420,132376.4373,355155.8345,2,175826.8244
135886,130525.3591,330971.4473,3,165119.1364
99774,125192.1744,261293.2446,1,134268.9664
14367,112578.8796,96500.20491,3,61306.50327
136326,130590.3403,331820.4285,1,165495.0246
33519,115407.3342,133454.0412,3,77667.8916
122931,128612.1056,305974.7394,1,154051.7917
73289,121280.749,210190.3648,2,111643.0594
67289,120394.6416,198613.3484,3,106517.3112
22876,113835.5275,112918.3436,2,68575.66854
125112,128934.2057,310182.9848,1,155915.0011
88568,123537.2213,239671.237,3,124695.7773
144841,131847.8743,348250.1442,2,172769.3156
159238,133974.0888,376029.195,1,185068.5485
127074,129223.9628,313968.6692,2,157591.1208
67697,120454.8969,199400.5855,2,106865.8621
65307,120101.9308,194789.074,3,104824.1057
84231,122896.7134,231302.9837,2,120990.7156
8882,111768.8298,85916.88243,1,56620.7151
129441,129573.5321,318535.8022,2,159613.2285
148278,132355.4661,354881.8451,1,175705.515
58228,119056.4719,181130.1242,3,98776.57709
136903,130675.5543,332933.7515,2,165987.9507
4187,111075.4508,76857.86711,1,52609.81711
80546,122352.4958,224192.7661,2,117842.6519
36302,115818.3403,138823.8473,1,80045.38449
36327,115822.0324,138872.0849,2,80066.74177
103813,125788.6723,269086.5062,3,137719.4492
117577,127821.4025,295644.1818,1,149477.9157
154222,133233.3031,366350.8093,3,180783.423
63645,119856.4791,191582.2405,1,103404.2734
45968,117245.8592,157474.4207,2,88302.96488
60822,119439.5656,186135.2543,3,100992.6089
107750,126370.1064,276682.9584,1,141082.7944
109510,126630.0312,280078.8832,2,142586.3472
147647,132262.2771,353664.3289,3,175166.4572
9316,111832.9249,86754.28662,2,56991.47755
70319,120842.1258,204459.7417,3,109105.8141
138525,130915.0986,336063.405,2,167373.6113
122434,128538.7064,305015.7765,3,153627.2089
91086,123909.091,244529.7249,1,126846.883
32205,115213.2767,130918.6746,2,76545.35274
18989,113261.4776,105418.3665,1,65255.03798
143683,131676.8555,346015.7801,3,171780.0462
81836,122543.0089,226681.8247,1,118944.6878
139592,131072.678,338122.1844,2,168285.1402
54073,118442.8425,173113.0403,1,95226.99644
11977,112225.9135,91888.69339,3,59264.74689
133956,130240.3279,327247.507,3,163470.354
133110,130115.3867,325615.1477,1,162747.6235
9063,111795.5607,86266.12243,2,56775.34184
36025,115777.4317,138289.3751,3,79808.74578
40178,116390.7656,146302.5999,1,83356.61784
29814,114860.1629,126305.2336,3,74502.74207
113466,127214.2713,287711.996,1,145965.9238
12585,112315.7057,93061.83105,3,59784.15604
99265,125117.003,260311.1278,1,133834.1321
26554,114378.7113,120015.0547,2,71717.75221
49642,117788.4523,164563.4137,3,91441.63138
135489,130466.7283,330205.4347,2,164779.9827
57784,118990.8999,180273.425,1,98397.27172
50884,117971.8765,166959.8561,3,92502.66126
102170,125546.0266,265916.3332,2,136315.8485
36011,115775.3641,138262.362,1,79796.7857
112108,127013.7157,285091.7313,2,144805.7962
52981,118281.571,171006.0234,2,94294.11026
60350,119369.8585,185224.529,3,100589.3834
38385,116125.9672,142843.0015,2,81824.87341
18632,113208.7542,104729.5341,1,64950.05596
75431,121597.0893,214323.3597,2,113472.9515
79191,122152.3832,221578.2899,1,116685.0871
76485,121752.7488,216357.0555,3,114373.3746
58814,119143.015,182260.8128,2,99277.19183
71364,120996.4562,206476.0721,1,109998.5485
88650,123549.3314,239829.4563,2,124765.8292
133587,130185.8323,326535.5205,2,163155.1205
112125,127016.2263,285124.5329,3,144820.3191
106384,126168.3693,274047.2577,1,139915.8323
1681,110705.3533,72022.53327,3,50468.96294
50720,117947.6562,166643.4177,1,92362.55748
128215,129392.4708,316170.2318,2,158565.8673
35274,115666.5206,136840.3185,3,79167.17296
64229,119942.7269,192709.0701,1,103903.1796
57750,118985.8787,180207.8219,2,98368.22581
155883,133478.6071,369555.7134,3,182202.4009
24815,114121.8878,116659.6494,2,70232.13951
5210,111226.5321,78831.74841,3,53483.75718
83476,122785.2115,229846.2091,2,120345.7256
110481,126773.4329,281952.4304,3,143415.8641
9079,111797.9237,86296.99447,1,56789.0105
72359,121143.4023,208395.9273,2,110848.5685
111501,126924.0712,283920.5232,1,144287.2413
48082,117558.0644,161553.3895,3,90108.93684
42770,116773.564,151303.871,1,85570.94108
58265,119061.9362,181201.5158,2,98808.18587
15132,112691.8583,97976.2745,1,61960.03617
92114,124060.9107,246513.2537,3,127725.0945
24874,114130.6012,116773.4901,3,70282.5427
129228,129542.0753,318124.8181,1,159431.2644
2296,110796.1793,73209.17745,2,50994.35213
40501,116438.4678,146925.8293,3,83632.55396
46177,117276.7253,157877.6868,1,88481.51178
139729,131092.9108,338386.5263,3,168402.1781
45282,117144.5476,156150.7818,1,87716.921
145719,131977.5413,349944.2476,3,173519.3834
150394,132667.9666,358964.6729,1,177513.1956
154778,133315.4157,367423.6129,2,181258.409
82971,122710.6308,228871.8103,3,119914.3085
120814,128299.4574,301889.9821,2,152243.2568
109821,126675.9611,280678.9586,1,142852.0318
149129,132481.1456,356523.8519,3,176432.517
135073,130405.2915,329402.7615,2,164424.5975
9628,111879.0025,87356.29147,1,57258.01646
150311,132655.7088,358804.5242,2,177442.2894
117241,127771.7805,294995.8688,2,149190.8738
95584,124573.3761,253208.6282,3,130689.4855
69018,120649.9882,201949.4587,2,107994.381
72838,121214.1432,209320.1591,1,111257.774
87391,123363.3966,237400.2123,2,123690.2763
133567,130182.8786,326496.9304,1,163138.0347
49559,117776.1945,164403.265,3,91370.72519
137973,130833.5767,334998.3195,2,166902.0425
7736,111599.5833,83705.6723,1,55641.69719
10707,112038.3541,89438.22492,2,58179.79685
125850,129043.1969,311606.9579,1,156545.4682
65352,120108.5766,194875.9016,2,104862.5488
154992,133347.0202,367836.5264,3,181441.2273
135611,130484.7458,330440.834,1,164884.2062
98169,124955.1407,258196.3928,3,132897.8287
38099,116083.7295,142291.1637,1,81580.54608
91798,124014.2424,245903.5309,2,127455.1384
78442,122041.7675,220133.0924,3,116045.2229
131802,129922.2153,323091.3581,1,161630.2104
107178,126285.6308,275579.2829,2,140594.1397
2626,110844.9152,73845.91335,3,51276.26828
84533,122941.3141,231885.6935,2,121248.7116
19707,113367.5151,106803.7495,3,65868.41919
13123,112395.16,94099.90352,2,60243.7648
3797,111017.8538,76105.36105,3,52276.64348
132703,130055.2791,324829.8401,1,162399.9269
22449,113772.4662,112094.446,2,68210.88613
83026,122718.7535,228977.9329,1,119961.2945
27654,114541.1643,122137.5077,3,72657.47271
156793,133613.0001,371311.5609,1,182979.8061
73771,121351.9329,211120.3851,2,112054.8279
29469,114809.2117,125639.5552,1,74208.01155
134963,130389.0462,329190.5162,3,164330.6254
146580,132104.6977,351605.5495,3,174254.9283
82465,122635.9024,227895.4819,1,119482.037
80306,122317.0515,223729.6855,2,117637.622
130189,129684.0001,319979.0702,3,160252.2384
120735,128287.7904,301737.5514,1,152175.7678
67191,120380.1685,198424.2572,3,106433.5906
83593,122802.4906,230071.961,1,120445.6777
108131,126426.3742,277418.099,3,141408.2794
3574,110984.9202,75675.08194,1,52086.1365
98311,124976.1119,258470.3821,2,133019.1381
145072,131881.9894,348695.8593,3,172966.6569
133439,130163.975,326249.9541,2,163028.6854
70521,120871.9581,204849.5013,1,109278.3809
111317,126896.8972,283565.4947,3,144130.0517
106821,126232.9075,274890.4504,2,140289.1577
107973,126403.0401,277113.2375,1,141273.3013
10488,112006.0112,89015.66382,2,57992.70704
90061,123757.7143,242551.9846,2,125971.2343
83918,122850.4881,230699.0493,3,120723.3224
93580,124277.4163,249341.9047,2,128977.4856
18947,113255.2749,105337.3274,1,65219.15775
60133,119337.8109,184805.8269,2,100404.0021
150860,132736.7876,359863.8212,1,177911.2954
103957,125809.9389,269364.3546,3,137842.4672
92330,124092.8106,246930.0263,2,127909.6214
123073,128633.0769,306248.7288,1,154173.101
142001,131428.4501,342770.3565,2,170343.1281
12564,112312.6043,93021.31149,2,59766.21593
48789,117662.4774,162917.5479,3,90712.92084
51795,118106.4171,168717.6331,1,93280.9207
44496,117028.4676,154634.1927,3,87045.44798
35278,115667.1113,136848.0365,1,79170.59013
155044,133354.6998,367936.8606,2,181485.6505
146775,132133.4962,351981.8025,3,174421.5151
17432,113031.5328,102414.1308,1,63924.90632
107612,126349.7259,276416.687,2,140964.9022
7214,111522.492,82698.47188,3,55195.75709
107501,126333.333,276202.5122,2,140870.0758
141301,131325.0709,341419.7045,3,169745.1241
40281,116405.9772,146501.3387,2,83444.60985
159196,133967.886,375948.1559,3,185032.6682
139547,131066.0322,338035.3568,1,168246.6971
125783,129033.302,311477.6812,2,156488.2307
121583,128413.0269,303373.7697,1,152900.2069
138546,130918.2,336103.9245,3,167391.5514
133671,130198.2378,326697.5987,1,163226.881
95277,124528.037,252616.2709,2,130427.2181
44700,117058.5952,155027.8112,1,87219.72342
89471,123670.5804,241413.578,3,125467.2024
146162,132042.9656,350799.0173,3,173897.8345
109909,126688.9574,280848.7548,1,142927.2094
31984,115180.6384,130492.2545,2,76356.55435
127797,129330.7387,315363.6997,3,158208.7735
21890,113689.9105,111015.854,1,67733.33725
56547,118808.2141,177886.6301,3,97340.51329
142143,131449.4213,343044.3458,1,170464.4375
83936,122853.1464,230733.7804,3,120738.6997
117801,127854.4839,296076.3904,1,149669.2769
35679,115726.3328,137621.7671,2,79513.16096
139429,131048.6054,337807.6754,3,168145.8907
142144,131449.569,343046.2753,2,170465.2918
89706,123705.2863,241867.0112,1,125667.9609
17219,113000.0759,102003.1467,3,63742.94226
129179,129534.8387,318030.2724,2,159389.4041
27903,114577.9377,122617.9539,1,72870.19126
88429,123516.6931,239403.0362,2,124577.0308
149794,132579.3559,357806.9712,2,177000.6208
137595,130777.752,334268.9674,3,166579.1203
110391,126760.1413,281778.7751,2,143338.9779
141217,131312.6654,341257.6263,1,169673.3637
29605,114829.2968,125901.9675,2,74324.19518
158771,133905.1201,375128.1173,1,184669.5944
101859,125500.0967,265316.2578,3,136050.1639
158592,133878.6846,374782.7363,2,184516.6762
53884,118414.9302,172748.3643,1,95065.53537
142240,131463.7467,343231.5076,2,170547.3037
113736,127254.1462,288232.9618,1,146196.5825
70598,120883.3298,204998.073,2,109344.1613
118793,128000.987,297990.4571,3,150516.734
7888,111622.0314,83998.95672,1,55771.54948
45710,117207.7566,156976.609,3,88082.55771
71222,120975.485,206202.0827,1,109877.2392
159477,134009.3854,376490.3462,2,185272.7241
46307,117295.9243,158128.5221,3,88592.56966
44151,116977.5164,153968.5142,1,86750.71746
58725,119129.8711,182089.087,2,99201.1599
57267,118914.547,179275.8721,3,97955.60308
135390,130452.1075,330014.4139,2,164695.4079
145733,131979.6089,349971.2607,3,173531.3435
71791,121059.5175,207299.9697,2,110363.331
111381,126906.349,283688.9828,3,144184.7263
62904,119747.0449,190152.479,1,102771.2435
45209,117133.7666,156009.9281,2,87654.55773
154595,133288.3894,367070.5139,1,181102.0736
18651,113211.5602,104766.1946,3,64966.2875
153606,133142.3294,365162.2357,1,180257.1795
107173,126284.8924,275569.6353,2,140589.8682
26618,114388.1631,120138.5429,1,71772.42685
33472,115400.393,133363.3546,3,77627.73991
2638,110846.6874,73869.06738,3,51286.51978
37255,115959.0837,140662.6634,1,80859.52417
43391,116865.2761,152502.0922,2,86101.45602
97670,124881.4461,257233.5709,3,132471.5373
1634,110698.4122,71931.84664,1,50428.81124
58986,119168.4168,182592.6873,3,99424.12995
56671,118826.527,178125.8884,1,97446.44542
105205,125994.2492,271772.374,3,138908.6228
116004,127589.0947,292609.074,1,148134.1153
128926,129497.4746,317542.1083,2,159173.2684
38859,116195.9697,143757.5858,3,82229.80752
60549,119399.2477,185608.5,2,100759.3874
75398,121592.2157,214259.6861,1,113444.7599
15801,112790.6592,99267.11183,3,62531.55709
44574,117039.987,154784.6939,2,87112.08271
93601,124280.5176,249382.4243,1,128995.4258
5404,111255.1829,79206.07194,2,53649.48971
64529,119987.0323,193287.9209,2,104159.467
17495,113040.8369,102535.6895,3,63978.72668
138565,130921.006,336140.5851,2,167407.783
79095,122138.2055,221393.0577,1,116603.0751
136431,130605.8471,332023.0262,2,165584.7252
46477,117321.0307,158456.5376,1,88737.79919
121576,128411.9931,303360.2632,3,152894.2269
18421,113177.5928,104322.409,2,64769.80049
2682,110853.1856,73953.9655,1,51324.1086
9405,111846.0688,86926.01236,2,57067.50948
20279,113451.9907,107907.4251,2,66357.07385
25990,114295.4172,118926.8152,3,71235.93187
137404,130749.5442,333900.4324,1,166415.9507
9869,111914.5945,87821.30163,3,57463.90068
37191,115949.6319,140539.1752,1,80804.84952
25600,114237.8202,118174.3091,2,70902.75824
129013,129510.3231,317709.975,3,159247.5918
74278,121426.809,212098.643,1,112487.9536
78694,122078.984,220619.3271,2,116260.5043
85315,123056.8034,233394.5647,3,121916.7675
131636,129897.6997,322771.0607,2,161488.398
131599,129892.2354,322699.6691,3,161456.7893
148644,132409.5186,355588.0431,2,176018.1857
80987,122417.6247,225043.6768,3,118219.3944
100610,125315.6387,262906.3089,1,134983.154
153748,133163.3006,365436.225,2,180378.4888
106158,126134.9926,273611.1901,1,139722.7625
41374,116567.3964,148610.2852,3,84378.35032
152109,132921.2456,362273.7701,1,178978.3053
57182,118901.9938,179111.8643,2,97882.98831
6906,111477.0051,82104.18504,1,54932.63535
53981,118429.2556,172935.5261,3,95148.40164
66959,120345.9057,197976.6125,3,106235.395
64124,119927.22,192506.4723,1,103813.479
100306,125270.7426,262319.7401,2,134723.4494
146708,132123.6013,351852.5258,3,174364.2776
39202,116246.6255,144419.4052,1,82522.82946
19561,113345.9532,106522.0421,3,65743.69265
55658,118676.9226,176171.3022,1,96581.04826
24723,114108.3008,116482.1352,3,70153.5447
52176,118162.6849,169452.7737,1,93606.40571
120402,128238.6114,301095.027,2,151891.2888
35429,115689.4117,137139.3914,3,79299.58812
40408,116424.7331,146746.3855,2,83553.10486
13599,112465.4579,95018.34682,1,60650.40749
86851,123283.6469,236358.2809,3,123228.959
4037,111053.2981,76568.4417,2,52481.67341
131611,129894.0076,322722.8231,1,161467.0408
68653,120596.0834,201245.1902,2,107682.5646
107094,126273.2253,275417.2046,2,140522.3792
62140,119634.2139,188678.3389,3,102118.5649
9494,111859.2128,87097.73811,2,57143.54142
128989,129506.7787,317663.6669,1,159227.0888
134194,130275.4768,327706.7286,2,163673.6754
126960,129207.1267,313748.7059,1,157493.7316
49855,117819.9091,164974.3978,3,91623.59544
127494,129285.9903,314779.0603,2,157949.9232
53778,118399.2756,172543.837,1,94974.98049
116989,127734.564,294509.6342,2,148975.5923
128157,129383.9051,316058.3207,1,158516.3184
72165,121114.7515,208021.6037,2,110682.8359
114314,127339.5078,289348.2144,3,146690.3629
11205,112111.901,90399.11728,1,58605.23395
83554,122796.7309,229996.7104,3,120412.3603
131981,129948.6509,323436.7391,1,161783.1286
32137,115203.2341,130787.4684,2,76487.26093
54016,118434.4245,173003.0587,3,95178.30183
64613,119999.4378,193449.9991,1,104231.2275
11624,112173.7809,91207.57892,2,58963.18204
31587,115122.0076,129726.2419,3,76017.40068
12608,112319.1025,93106.20961,2,59803.80475
94359,124392.4625,250844.9874,3,129642.9786
2307,110797.8039,73230.40198,2,51003.74933
33161,115354.4631,132763.2792,3,77362.05529
159746,134049.1125,377009.3824,1,185502.5285
154187,133228.1341,366283.2767,2,180753.5228
144520,131800.4675,347630.7738,1,172495.0881
106777,126226.4093,274805.5523,3,140251.5689
16459,112887.8357,100536.7246,1,63093.68082
143258,131614.0896,345195.7414,2,171416.9724
73490,121310.4336,210578.1949,1,111814.772
87369,123360.1475,237357.7633,3,123671.4819
51353,118041.1406,167864.7929,3,92903.32391
66049,120211.5128,196220.765,1,105457.9899
29723,114846.7236,126129.6488,2,74425.00156
146120,132036.7628,350717.9782,3,173861.9543
15440,112737.3451,98570.56134,1,62223.15791
13856,112503.4128,95514.22902,3,60869.96038
71829,121065.1295,207373.2908,1,110395.794
131154,129826.5157,321841.0403,3,161076.6296
68679,120599.9232,201295.3572,1,107704.7762
108056,126415.2979,277273.3863,2,141344.2075
140149,131154.9383,339196.9174,3,168760.9805
56850,118852.9626,178471.2694,2,97599.36358
47438,117462.9555,160310.7897,1,89558.7732
58867,119150.8423,182363.0764,3,99322.46927
12914,112364.2939,93696.63744,2,60065.21791
62574,119698.3089,189515.7431,1,102489.3274
53106,118300.0316,171247.2112,2,94400.89669
123537,128701.6025,307144.018,2,154569.4922
48901,117679.018,163133.6522,3,90808.60147
105143,125985.0928,271652.7448,2,138855.6568
63615,119852.0486,191524.3554,1,103378.6447
100405,125285.3634,262510.7609,2,134808.0242
41289,116554.8432,148446.2774,1,84305.73556
39970,116360.0473,145901.2633,3,83178.92524
43532,116886.0996,152774.1521,3,86221.9111
136133,130561.8371,331448.0344,2,165330.1463
131106,129819.4269,321748.4242,1,161035.6236
105127,125982.7298,271621.8728,3,138841.9881
46798,117368.4374,159075.908,2,89012.02672
97209,124813.3635,256344.0701,1,132077.709
54135,118451.999,173232.6695,2,95279.96251
134970,130390.08,329204.0228,2,164336.6055
100275.47,241926.31,227142.82,2,413956.48
128456.23,321652.14,281692.32,2,333962.19
161181.72,270939.86,295442.17,1,476485.43
10000,8000,20000,1,-54551.77912
